DATE,RAINFALL ,FLOW (M3/S),FLOW-OBSERVED (M3/S)
9-Mar-04,0.159,3990,4281
10-Mar-04,1.1065,3990,4270
11-Mar-04,0,3990,4260
12-Mar-04,0,3990,4249
13-Mar-04,0,3990,4238
14-Mar-04,0,3990,4220
15-Mar-04,0,3990,4203
16-Mar-04,0,3990,4186
17-Mar-04,0,3990,4168
18-Mar-04,0,3990,4151
19-Mar-04,0.2902,3990,4134
20-Mar-04,0.5266,3990,4117
21-Mar-04,0.1093,3990,4100
22-Mar-04,0.225,3990,4083
23-Mar-04,0.057,3990,4066
24-Mar-04,0.0988,3990,4048
25-Mar-04,0,3990,4031
26-Mar-04,0.1586,3990,4014
27-Mar-04,0.11,3990,3997
28-Mar-04,0.7607,3990,3980
29-Mar-04,4.9329,3990,3963
30-Mar-04,10.1253,3990,3946
31-Mar-04,23.3631,3990,3928
1-Apr-04,15.0396,3942,3911
2-Apr-04,10.4788,3920,3894
3-Apr-04,9.7993,3919,3877
4-Apr-04,17.1341,3892,3860
5-Apr-04,8.4789,3884,3843
6-Apr-04,97.9769,3886,3825
7-Apr-04,62.6193,3889,3808
8-Apr-04,3.1799,3908,3791
9-Apr-04,8.7005,3955,3774
10-Apr-04,3.0948,4026,3757
11-Apr-04,30.0615,4094,3740
12-Apr-04,32.6601,4185,3723
13-Apr-04,25.8247,4285,3705
14-Apr-04,45.9858,4401,3688
15-Apr-04,42.3371,4532,3671
16-Apr-04,32.2606,4685,3654
17-Apr-04,46.8502,4857,3637
18-Apr-04,83.7567,5053,3827
19-Apr-04,33.4336,5270,4080
20-Apr-04,1.5915,5514,4333
21-Apr-04,9.7854,5784,4587
22-Apr-04,15.5279,6070,4840
23-Apr-04,32.863,6367,5093
24-Apr-04,0,6662,5346
25-Apr-04,0,6956,5599
26-Apr-04,0,7233,5852
27-Apr-04,1.4747,7498,6106
28-Apr-04,0.0103,7743,6359
29-Apr-04,0.5275,7968,6612
30-Apr-04,0.0644,8159,6865
1-May-04,0.3923,8268,7118
2-May-04,8.313,8364,7371
3-May-04,1.8609,8443,7625
4-May-04,0,8451,7878
5-May-04,0,8443,8131
6-May-04,0.0373,8407,8384
7-May-04,0,8337,8637
8-May-04,3.9714,8249,8648
9-May-04,7.1313,8162,8576
10-May-04,21.344,8075,8503
11-May-04,18.6378,7970,8431
12-May-04,25.0943,7876,8359
13-May-04,59.1249,7780,8286
14-May-04,71.008,7693,8214
15-May-04,17.1602,7615,8142
16-May-04,29.8565,7557,8069
17-May-04,29.9813,7518,7997
18-May-04,23.8642,7503,7925
19-May-04,31.1362,7508,7852
20-May-04,6.3032,7537,7780
21-May-04,9.3158,7587,7708
22-May-04,20.3064,7656,7635
23-May-04,16.4194,7739,7563
24-May-04,2.402,7832,7491
25-May-04,0.6153,7932,7418
26-May-04,7.157,8030,7346
27-May-04,4.7759,8124,7274
28-May-04,3.9607,8208,7201
29-May-04,11.7436,8279,7129
30-May-04,8.4156,8332,7057
31-May-04,8.644,8365,7124
1-Jun-04,8.0122,8547,7415
2-Jun-04,52.2494,8617,7707
3-Jun-04,45.7753,8591,7998
4-Jun-04,0.9648,8652,8289
5-Jun-04,4.9731,8639,8580
6-Jun-04,13.8878,8601,8871
7-Jun-04,1.0997,8575,8877
8-Jun-04,6.93,8538,8768
9-Jun-04,9.8651,8464,8658
10-Jun-04,15.1538,8375,8548
11-Jun-04,23.2235,8347,8439
12-Jun-04,15.1436,8279,8329
13-Jun-04,23.5702,8230,8219
14-Jun-04,27.4443,8177,8109
15-Jun-04,4.092,8133,8000
16-Jun-04,32.926,8082,7890
17-Jun-04,48.3617,8046,7780
18-Jun-04,58.6717,8009,7671
19-Jun-04,21.1145,7994,7561
20-Jun-04,50.2801,7994,7451
21-Jun-04,48.2694,8019,7342
22-Jun-04,54.3914,8075,7232
23-Jun-04,71.0453,8156,7122
24-Jun-04,29.0525,8288,7012
25-Jun-04,7.9513,8452,6903
26-Jun-04,2.1419,8665,6793
27-Jun-04,1.9062,8900,7203
28-Jun-04,13.589,9163,7848
29-Jun-04,9.332,9429,8494
30-Jun-04,5.7478,9705,9140
1-Jul-04,11.1463,10213,9785
2-Jul-04,11.8478,10584,10431
3-Jul-04,6.7271,10818,11066
4-Jul-04,14.0692,11168,10971
5-Jul-04,36.0071,11379,10876
6-Jul-04,36.3363,11523,10781
7-Jul-04,27.2068,11642,10686
8-Jul-04,19.7702,11709,10592
9-Jul-04,26.9234,11686,10497
10-Jul-04,38.9621,11615,10402
11-Jul-04,33.1213,11606,10307
12-Jul-04,6.7117,11528,10212
13-Jul-04,11.6178,11476,10117
14-Jul-04,39.9697,11424,10022
15-Jul-04,31.5855,11399,9927
16-Jul-04,23.2944,11375,9832
17-Jul-04,43.732,11389,9996
18-Jul-04,64.2402,11410,10290
19-Jul-04,54.9697,11469,10585
20-Jul-04,10.829,11544,10879
21-Jul-04,0.0207,11651,11173
22-Jul-04,15.3254,11779,11468
23-Jul-04,28.4993,11911,11762
24-Jul-04,15.5751,12060,12056
25-Jul-04,5.9557,12197,12350
26-Jul-04,5.9029,12340,12353
27-Jul-04,23.5552,12462,12266
28-Jul-04,26.3771,12579,12180
29-Jul-04,2.3242,12668,12093
30-Jul-04,4.3578,12743,12007
31-Jul-04,12.9229,12787,11920
1-Aug-04,15.4347,12891,11833
2-Aug-04,8.5603,12923,11747
3-Aug-04,14.6824,12904,11660
4-Aug-04,16.6294,12895,11574
5-Aug-04,4.2885,12839,11487
6-Aug-04,11.731,12745,11401
7-Aug-04,18.6432,12642,11314
8-Aug-04,5.0004,12521,11227
9-Aug-04,14.4379,12381,11141
10-Aug-04,8.5178,12231,11054
11-Aug-04,6.2389,12103,10968
12-Aug-04,8.4708,11958,10881
13-Aug-04,4.9025,11818,10794
14-Aug-04,5.4549,11680,10708
15-Aug-04,10.0035,11541,10621
16-Aug-04,13.1282,11402,10535
17-Aug-04,25.1971,11264,10448
18-Aug-04,18.8261,11129,10362
19-Aug-04,18.2168,10996,10275
20-Aug-04,17.359,10868,10188
21-Aug-04,10.9932,10740,10102
22-Aug-04,7.9067,10621,10015
23-Aug-04,6.7248,10498,9929
24-Aug-04,6.5639,10387,9842
25-Aug-04,16.7088,10270,9755
26-Aug-04,15.8625,10164,9669
27-Aug-04,10.9348,10054,9582
28-Aug-04,4.2388,9954,9496
29-Aug-04,15.891,9850,9409
30-Aug-04,10.0555,9754,9323
31-Aug-04,20.1646,9656,9236
1-Sep-04,20.025,9613,9149
2-Sep-04,17.4364,9544,9063
3-Sep-04,7.0693,9459,8976
4-Sep-04,13.9679,9403,8890
5-Sep-04,27.0982,9332,8803
6-Sep-04,16.627,9257,8716
7-Sep-04,12.8523,9192,8630
8-Sep-04,34.349,9130,8543
9-Sep-04,16.0566,9063,8457
10-Sep-04,6.3366,9001,8370
11-Sep-04,10.0788,8963,8284
12-Sep-04,44.8208,8926,8197
13-Sep-04,47.1592,8901,8110
14-Sep-04,25.9603,8892,8024
15-Sep-04,9.3069,8898,7937
16-Sep-04,3.7196,8924,7851
17-Sep-04,7.5565,8963,7764
18-Sep-04,21.208,9013,7677
19-Sep-04,3.974,9068,7612
20-Sep-04,13.1835,9131,7668
21-Sep-04,15.1629,9190,7785
22-Sep-04,37.5923,9254,7846
23-Sep-04,25.8433,9309,7907
24-Sep-04,18.7839,9367,7968
25-Sep-04,12.2175,9411,8030
26-Sep-04,4.3141,9456,8091
27-Sep-04,13.6681,9486,8152
28-Sep-04,9.84,9512,8213
29-Sep-04,3.8001,9523,8274
30-Sep-04,0.1249,9530,8335
1-Oct-04,3.8359,9545,8397
2-Oct-04,13.4939,9539,8458
3-Oct-04,2.4433,9509,8519
4-Oct-04,23.7705,9491,8580
5-Oct-04,53.7406,9458,8641
6-Oct-04,41.2308,9424,8703
7-Oct-04,86.5249,9395,8764
8-Oct-04,16.1406,9377,8825
9-Oct-04,1.9479,9370,8887
10-Oct-04,0.0743,9380,8980
11-Oct-04,0,9411,8925
12-Oct-04,0,9445,8870
13-Oct-04,4.5039,9492,8815
14-Oct-04,7.3533,9546,8760
15-Oct-04,21.1735,9611,8705
16-Oct-04,0,9676,8650
17-Oct-04,0,9746,8595
18-Oct-04,0,9807,8539
19-Oct-04,0,9862,8484
20-Oct-04,0,9899,8429
21-Oct-04,0,9925,8374
22-Oct-04,0,9930,8319
23-Oct-04,0,9918,8264
24-Oct-04,0,9882,8209
25-Oct-04,0,9826,8154
26-Oct-04,0,9747,8099
27-Oct-04,0,9655,8044
28-Oct-04,0,9555,7988
29-Oct-04,0.4072,9457,7933
30-Oct-04,0.0315,9357,7878
31-Oct-04,0,9260,7823
1-Nov-04,0.0639,9088,7768
2-Nov-04,0,8957,7713
3-Nov-04,0.2135,8857,7658
4-Nov-04,0.0563,8720,7603
5-Nov-04,0.304,8614,7548
6-Nov-04,1.2955,8519,7492
7-Nov-04,0.5048,8417,7437
8-Nov-04,0.0049,8323,7382
9-Nov-04,0.2001,8247,7327
10-Nov-04,1.5951,8179,7272
11-Nov-04,0.0012,8089,7218
12-Nov-04,0.0162,8018,7164
13-Nov-04,0.1056,7941,7110
14-Nov-04,0,7868,7055
15-Nov-04,0,7797,7001
16-Nov-04,0,7734,6947
17-Nov-04,0,7667,6893
18-Nov-04,0,7606,6839
19-Nov-04,0.1885,7544,6785
20-Nov-04,0.0001,7485,6731
21-Nov-04,0.053,7428,6677
22-Nov-04,0.0003,7370,6623
23-Nov-04,1.2919,7317,6569
24-Nov-04,1.0207,7261,6515
25-Nov-04,0.0085,7212,6461
26-Nov-04,0,7158,6407
27-Nov-04,0,7110,6353
28-Nov-04,1.2553,7059,6299
29-Nov-04,0.0251,7013,6245
30-Nov-04,0.0139,6965,6190
1-Dec-04,0.2829,6799,6136
2-Dec-04,0.1367,6694,6082
3-Dec-04,0,6646,6028
4-Dec-04,0.0016,6524,5974
5-Dec-04,0.0663,6454,5920
6-Dec-04,0.0075,6395,5866
7-Dec-04,0,6329,5812
8-Dec-04,0,6268,5758
9-Dec-04,0,6238,5704
10-Dec-04,1.076,6217,5650
11-Dec-04,0.0384,6160,5596
12-Dec-04,0,6133,5542
13-Dec-04,0,6095,5488
14-Dec-04,0,6062,5434
15-Dec-04,0.0012,6027,5380
16-Dec-04,0.9171,5999,5326
17-Dec-04,0.2031,5965,5303
18-Dec-04,0,5939,5279
19-Dec-04,0.0148,5907,5256
20-Dec-04,0.107,5881,5233
21-Dec-04,3.8342,5854,5209
22-Dec-04,0.0527,5826,5186
23-Dec-04,0,5802,5162
24-Dec-04,0,5774,5139
25-Dec-04,0,5753,5116
26-Dec-04,0.1032,5726,5092
27-Dec-04,0,5706,5069
28-Dec-04,0,5680,5046
29-Dec-04,0,5659,5022
30-Dec-04,0.0005,5634,4999
31-Dec-04,0.3674,5615,4976
1-Jan-05,0.0005,5519,4952
2-Jan-05,0.102,5465,4929
3-Jan-05,0,5439,4906
4-Jan-05,0,5374,4882
5-Jan-05,0,5335,4859
6-Jan-05,0,5307,4835
7-Jan-05,0,5270,4812
8-Jan-05,0,5240,4789
9-Jan-05,0.4924,5228,4765
10-Jan-05,0,5222,4742
11-Jan-05,0.0274,5193,4719
12-Jan-05,0,5179,4695
13-Jan-05,0.1887,5160,4767
14-Jan-05,0,5141,4731
15-Jan-05,0,5123,4695
16-Jan-05,0,5106,4659
17-Jan-05,0,5087,4623
18-Jan-05,0.0812,5069,4587
19-Jan-05,0.3376,5052,4551
20-Jan-05,0.1325,5037,4515
21-Jan-05,3.0062,5026,4479
22-Jan-05,0.1201,5011,4443
23-Jan-05,5.1903,5003,4407
24-Jan-05,0.1881,4988,4371
25-Jan-05,0.4481,4982,4335
26-Jan-05,0,4968,4299
27-Jan-05,0,4961,4263
28-Jan-05,0.1189,4949,4227
29-Jan-05,0,4942,4191
30-Jan-05,0,4931,4155
31-Jan-05,0.016,4924,4119
1-Feb-05,2.7705,4763,4083
2-Feb-05,0,4685,4047
3-Feb-05,0,4666,4011
4-Feb-05,0,4564,3975
5-Feb-05,0.0009,4515,4025
6-Feb-05,0.0131,4487,4028
7-Feb-05,0.0193,4444,4031
8-Feb-05,0.6182,4412,4034
9-Feb-05,0.3003,4413,4038
10-Feb-05,0.2577,4428,4041
11-Feb-05,0,4394,4044
12-Feb-05,0.0891,4394,4047
13-Feb-05,0.6777,4381,4050
14-Feb-05,0,4373,4054
15-Feb-05,0.0784,4365,4057
16-Feb-05,5.9182,4361,4060
17-Feb-05,5.9103,4353,4063
18-Feb-05,8.459,4349,4066
19-Feb-05,0.3684,4344,4070
20-Feb-05,0.0808,4339,4073
21-Feb-05,0.0238,4337,4076
22-Feb-05,0.0281,4329,4079
23-Feb-05,0.5605,4331,4082
24-Feb-05,0.0232,4322,4086
25-Feb-05,0.0526,4326,4089
26-Feb-05,0,4317,4092
27-Feb-05,0,4320,4095
28-Feb-05,0,4313,4098
1-Mar-05,0,4266,4102
2-Mar-05,0,4235,4105
3-Mar-05,0,4234,4108
4-Mar-05,1.3551,4196,4111
5-Mar-05,11.7207,4184,4114
6-Mar-05,16.2343,4171,4118
7-Mar-05,20.8353,4160,4121
8-Mar-05,6.761,4147,4124
9-Mar-05,0,4151,4127
10-Mar-05,0,4157,4130
11-Mar-05,16.2308,4150,4134
12-Mar-05,2.0485,4154,4137
13-Mar-05,0.148,4154,4140
14-Mar-05,4.8396,4158,4143
15-Mar-05,0.7584,4159,4146
16-Mar-05,0.0754,4165,4150
17-Mar-05,8.7622,4165,4153
18-Mar-05,19.7229,4172,4156
19-Mar-05,30.7548,4173,4159
20-Mar-05,8.7661,4180,4162
21-Mar-05,7.4723,4183,4166
22-Mar-05,22.5265,4190,4169
23-Mar-05,5.1327,4194,4172
24-Mar-05,6.3174,4201,4175
25-Mar-05,0.0012,4206,4178
26-Mar-05,0.4985,4214,4182
27-Mar-05,0.6473,4219,4185
28-Mar-05,6.7747,4226,4188
29-Mar-05,0,4231,4191
30-Mar-05,53.373,4238,4194
31-Mar-05,0.2679,4243,4198
1-Apr-05,0,4201,4201
2-Apr-05,0.1363,4183,4204
3-Apr-05,1.6994,4187,4207
4-Apr-05,0.0032,4160,4210
5-Apr-05,0,4152,4214
6-Apr-05,20.9592,4148,4217
7-Apr-05,0.2606,4139,4220
8-Apr-05,0.3567,4132,4223
9-Apr-05,23.1033,4137,4226
10-Apr-05,29.2465,4143,4230
11-Apr-05,10.629,4135,4233
12-Apr-05,2.546,4140,4236
13-Apr-05,0,4142,4239
14-Apr-05,0,4147,4242
15-Apr-05,5.8133,4149,4246
16-Apr-05,3.2119,4154,4249
17-Apr-05,6.6541,4156,4252
18-Apr-05,1.3501,4159,4255
19-Apr-05,1.5567,4160,4258
20-Apr-05,2.0575,4162,4262
21-Apr-05,0.3359,4162,4265
22-Apr-05,3.7401,4163,4268
23-Apr-05,15.5461,4163,4271
24-Apr-05,16.1991,4163,4274
25-Apr-05,18.3782,4164,4278
26-Apr-05,18.0927,4164,4281
27-Apr-05,15.4288,4165,4284
28-Apr-05,32.0745,4165,4287
29-Apr-05,18.8718,4167,4290
30-Apr-05,2.6186,4169,4294
1-May-05,2.5437,4123,4297
2-May-05,1.063,4104,4300
3-May-05,3.7169,4104,4303
4-May-05,1.4301,4075,4306
5-May-05,2.1399,4065,4310
6-May-05,0,4064,4313
7-May-05,0,4059,4316
8-May-05,0.5914,4057,4319
9-May-05,3.628,4064,4322
10-May-05,24.1574,4077,4326
11-May-05,6.3007,4071,4329
12-May-05,8.7675,4077,4332
13-May-05,11.2155,4076,4335
14-May-05,18.5522,4078,4338
15-May-05,37.4532,4075,4342
16-May-05,32.8666,4078,4345
17-May-05,42.2359,4077,4348
18-May-05,13.888,4084,4351
19-May-05,50.4246,4094,4658
20-May-05,10.023,4116,4786
21-May-05,22.9067,4149,4913
22-May-05,32.2577,4197,5040
23-May-05,49.9176,4261,5167
24-May-05,50.0011,4343,5294
25-May-05,49.7949,4451,5422
26-May-05,23.3104,4587,5549
27-May-05,5.0456,4754,5676
28-May-05,8.6395,4945,5803
29-May-05,2.0824,5157,5930
30-May-05,3.874,5380,6058
31-May-05,12.6978,5611,6185
1-Jun-05,9.2116,6015,6312
2-Jun-05,0.1809,6325,6439
3-Jun-05,6.0567,6550,6567
4-Jun-05,8.7149,6857,6694
5-Jun-05,1.243,7073,6821
6-Jun-05,0.0146,7242,6948
7-Jun-05,0.4383,7395,7075
8-Jun-05,0.7701,7506,7593
9-Jun-05,7.5155,7546,7772
10-Jun-05,2.2342,7542,7950
11-Jun-05,6.5026,7565,8128
12-Jun-05,4.5802,7521,8306
13-Jun-05,23.4782,7474,8485
14-Jun-05,11.9964,7409,8663
15-Jun-05,5.9368,7345,8841
16-Jun-05,18.1392,7272,8916
17-Jun-05,21.2839,7209,8881
18-Jun-05,16.6296,7140,8845
19-Jun-05,7.3294,7080,8809
20-Jun-05,5.0035,7019,8774
21-Jun-05,24.4681,6960,8738
22-Jun-05,22.628,6908,8702
23-Jun-05,15.9922,6851,8667
24-Jun-05,23.7045,6807,8631
25-Jun-05,8.0584,6753,8596
26-Jun-05,1.3542,6714,8560
27-Jun-05,12.3707,6666,8524
28-Jun-05,25.2176,6630,8489
29-Jun-05,13.2697,6586,8453
30-Jun-05,13.2758,6551,8417
1-Jul-05,26.3875,6757,8382
2-Jul-05,8.3442,6843,8346
3-Jul-05,22.8794,6818,8310
4-Jul-05,9.8944,6945,8275
5-Jul-05,11.1878,6973,8239
6-Jul-05,19.8693,6980,8203
7-Jul-05,7.6284,7009,8168
8-Jul-05,2.3381,7026,8132
9-Jul-05,0.985,6986,8096
10-Jul-05,3.6948,6925,8061
11-Jul-05,12.0302,6946,8025
12-Jul-05,36.3194,6908,7989
13-Jul-05,48.8943,6898,7954
14-Jul-05,27.5785,6880,7918
15-Jul-05,7.9231,6881,7882
16-Jul-05,11.5552,6877,7847
17-Jul-05,21.2181,6897,7811
18-Jul-05,15.8489,6907,7775
19-Jul-05,14.8975,6937,7740
20-Jul-05,11.0916,6962,7704
21-Jul-05,16.3215,6998,7668
22-Jul-05,21.4909,7038,7633
23-Jul-05,20.8771,7076,7597
24-Jul-05,11.1094,7127,7592
25-Jul-05,8.6103,7169,7608
26-Jul-05,17.7708,7222,7624
27-Jul-05,20.1669,7264,7640
28-Jul-05,4.0389,7313,7656
29-Jul-05,2.4119,7351,7671
30-Jul-05,5.1411,7392,7687
31-Jul-05,5.8398,7418,7703
1-Aug-05,12.6234,7516,7719
2-Aug-05,24.6004,7560,7735
3-Aug-05,5.1439,7572,7957
4-Aug-05,9.0109,7616,8078
5-Aug-05,13.0179,7633,8199
6-Aug-05,23.8696,7631,8320
7-Aug-05,8.5892,7635,8441
8-Aug-05,22.6846,7628,8562
9-Aug-05,22.556,7601,8683
10-Aug-05,13.2681,7562,8804
11-Aug-05,12.9471,7544,8925
12-Aug-05,23.3969,7509,9043
13-Aug-05,23.6321,7481,8987
14-Aug-05,17.7202,7456,8931
15-Aug-05,3.5248,7435,8875
16-Aug-05,13.5584,7421,8820
17-Aug-05,17.4899,7412,8764
18-Aug-05,24.5762,7411,8708
19-Aug-05,12.2086,7412,8653
20-Aug-05,1.4964,7422,8597
21-Aug-05,0.964,7431,8541
22-Aug-05,6.2872,7450,8485
23-Aug-05,37.7587,7462,8430
24-Aug-05,33.3632,7484,8387
25-Aug-05,27.9604,7498,8587
26-Aug-05,11.5624,7522,8788
27-Aug-05,11.4738,7542,8988
28-Aug-05,5.9823,7572,9189
29-Aug-05,7.5569,7595,9389
30-Aug-05,21.5351,7622,9589
31-Aug-05,10.9715,7641,9790
1-Sep-05,1.1259,7711,9728
2-Sep-05,9.5923,7748,9628
3-Sep-05,17.0015,7766,9528
4-Sep-05,6.9665,7807,9428
5-Sep-05,8.3766,7827,9328
6-Sep-05,10.0845,7835,9227
7-Sep-05,16.0896,7842,9127
8-Sep-05,2.6326,7841,9027
9-Sep-05,1.9197,7822,8927
10-Sep-05,3.0574,7794,8827
11-Sep-05,1.728,7774,8726
12-Sep-05,0.7987,7737,8626
13-Sep-05,3.8141,7695,8526
14-Sep-05,0.0383,7650,8426
15-Sep-05,1.7023,7603,8387
16-Sep-05,2.6463,7557,8408
17-Sep-05,2.8257,7509,8429
18-Sep-05,2.9515,7463,8450
19-Sep-05,20.238,7415,8471
20-Sep-05,40.3474,7371,8492
21-Sep-05,3.1433,7323,8512
22-Sep-05,4.0331,7283,8533
23-Sep-05,19.2258,7237,8554
24-Sep-05,18.1293,7201,8575
25-Sep-05,13.012,7159,8596
26-Sep-05,2.4987,7125,8617
27-Sep-05,4.9358,7087,8637
28-Sep-05,16.3628,7058,8658
29-Sep-05,19.7737,7024,8679
30-Sep-05,13.2667,6997,8680
1-Oct-05,6.8451,6992,8646
2-Oct-05,8.3544,6980,8611
3-Oct-05,12.8602,6954,8577
4-Oct-05,7.5395,6947,8542
5-Oct-05,2.392,6929,8508
6-Oct-05,2.8922,6910,8473
7-Oct-05,0.4713,6892,8439
8-Oct-05,0.0355,6874,8404
9-Oct-05,0.8712,6848,8369
10-Oct-05,0.2554,6819,8335
11-Oct-05,0.5107,6799,8300
12-Oct-05,0.3855,6771,8266
13-Oct-05,0.0278,6747,8231
14-Oct-05,0.6804,6719,8197
15-Oct-05,2.3875,6693,8162
16-Oct-05,5.6677,6664,8127
17-Oct-05,0.0795,6638,8093
18-Oct-05,8.7458,6608,8058
19-Oct-05,0.913,6582,8024
20-Oct-05,12.3123,6553,7989
21-Oct-05,43.0457,6528,7955
22-Oct-05,68.2265,6502,7920
23-Oct-05,31.5047,6483,7885
24-Oct-05,0,6469,7851
25-Oct-05,0,6467,7816
26-Oct-05,0.0157,6473,7782
27-Oct-05,0.0607,6488,7747
28-Oct-05,37.8904,6507,7713
29-Oct-05,0.0013,6534,7678
30-Oct-05,0.073,6563,7644
31-Oct-05,0.0612,6598,7609
1-Nov-05,0.5566,6559,7574
2-Nov-05,1.2473,6560,7540
3-Nov-05,0.181,6588,7505
4-Nov-05,0.1532,6569,7471
5-Nov-05,0.1973,6572,7436
6-Nov-05,0,6579,7402
7-Nov-05,0,6571,7367
8-Nov-05,2.0984,6561,7332
9-Nov-05,1.3743,6559,7298
10-Nov-05,0.4537,6556,7263
11-Nov-05,0.0914,6519,7229
12-Nov-05,0,6497,7194
13-Nov-05,0,6465,7160
14-Nov-05,0.0232,6437,7125
15-Nov-05,0,6404,7091
16-Nov-05,0,6375,7056
17-Nov-05,0.0157,6343,7021
18-Nov-05,0.0035,6315,6987
19-Nov-05,0.0021,6285,6952
20-Nov-05,0,6257,6918
21-Nov-05,0.4283,6230,6883
22-Nov-05,0.0227,6201,6849
23-Nov-05,0.0279,6177,6814
24-Nov-05,0.0202,6148,6779
25-Nov-05,0.0201,6126,6720
26-Nov-05,0,6099,6691
27-Nov-05,0,6077,6662
28-Nov-05,0,6051,6633
29-Nov-05,0,6031,6604
30-Nov-05,0.0331,6006,6575
1-Dec-05,0.0733,5863,6545
2-Dec-05,0,5780,6516
3-Dec-05,0,5755,6487
4-Dec-05,0,5654,6458
5-Dec-05,0.007,5604,6429
6-Dec-05,0,5566,6400
7-Dec-05,0,5519,6371
8-Dec-05,0,5479,6342
9-Dec-05,0,5469,6313
10-Dec-05,0,5471,6284
11-Dec-05,0.0004,5433,6255
12-Dec-05,0,5424,6226
13-Dec-05,0,5404,6197
14-Dec-05,0,5389,6167
15-Dec-05,0,5369,6138
16-Dec-05,0,5355,6109
17-Dec-05,0,5336,6080
18-Dec-05,0,5322,6051
19-Dec-05,0,5301,6022
20-Dec-05,0,5286,5993
21-Dec-05,0.0715,5270,5964
22-Dec-05,2.6356,5254,5935
23-Dec-05,0.5597,5244,5906
24-Dec-05,0,5229,5877
25-Dec-05,0.0189,5221,5848
26-Dec-05,1.0729,5207,5819
27-Dec-05,0,5199,5790
28-Dec-05,0,5186,5760
29-Dec-05,0,5178,5731
30-Dec-05,0,5166,5702
31-Dec-05,0,5159,5673
1-Jan-06,0,5073,5644
2-Jan-06,0,5031,5615
3-Jan-06,0,5016,5586
4-Jan-06,0.2007,4962,5557
5-Jan-06,0.2416,4934,5528
6-Jan-06,0,4916,5499
7-Jan-06,0.0002,4890,5470
8-Jan-06,0,4870,5441
9-Jan-06,0,4867,5412
10-Jan-06,0,4871,5382
11-Jan-06,0,4851,5353
12-Jan-06,0,4848,5324
13-Jan-06,0,4840,5295
14-Jan-06,0.1077,4833,5266
15-Jan-06,0.1401,4826,5237
16-Jan-06,0,4820,5208
17-Jan-06,0,4813,5179
18-Jan-06,0.0241,4806,5150
19-Jan-06,1.3174,4800,5121
20-Jan-06,0.7103,4793,5092
21-Jan-06,0,4789,5063
22-Jan-06,0,4780,5034
23-Jan-06,0,4778,5004
24-Jan-06,0,4769,4975
25-Jan-06,0.2777,4767,4946
26-Jan-06,0.258,4758,4917
27-Jan-06,0,4756,4888
28-Jan-06,0,4748,4859
29-Jan-06,0,4746,4830
30-Jan-06,0.606,4738,4801
31-Jan-06,0.7574,4736,4772
1-Feb-06,0,4581,4743
2-Feb-06,0,4508,4714
3-Feb-06,0,4495,4685
4-Feb-06,0.1497,4398,4656
5-Feb-06,0.0866,4355,4626
6-Feb-06,0,4331,4597
7-Feb-06,0.0253,4291,4568
8-Feb-06,0.3193,4261,4539
9-Feb-06,0.6242,4266,4510
10-Feb-06,1.7157,4286,4481
11-Feb-06,0,4258,4452
12-Feb-06,0,4265,4423
13-Feb-06,0,4259,4394
14-Feb-06,0,4257,4365
15-Feb-06,1.5552,4252,4336
16-Feb-06,23.0623,4251,4307
17-Feb-06,0.6313,4246,4278
18-Feb-06,0,4245,4249
19-Feb-06,0,4243,4219
20-Feb-06,0.0061,4241,4190
21-Feb-06,1.0084,4242,4161
22-Feb-06,0.6017,4238,4132
23-Feb-06,0.0048,4243,4103
24-Feb-06,0.0427,4237,4074
25-Feb-06,0.0515,4243,4045
26-Feb-06,0,4237,4016
27-Feb-06,0,4243,3987
28-Feb-06,0.0003,4238,3958
1-Mar-06,2.8191,4193,3929
2-Mar-06,1.3648,4164,3900
3-Mar-06,1.2605,4165,3924
4-Mar-06,1.2677,4129,3926
5-Mar-06,1.8003,4118,3928
6-Mar-06,0.8478,4107,3929
7-Mar-06,0.8097,4096,3931
8-Mar-06,1.0074,4084,3933
9-Mar-06,1.2675,4087,3935
10-Mar-06,4.3409,4091,3936
11-Mar-06,11.639,4081,3938
12-Mar-06,2.8826,4083,3940
13-Mar-06,0.6285,4081,3941
14-Mar-06,0.6431,4082,3943
15-Mar-06,2.3807,4079,3945
16-Mar-06,0.1961,4082,3947
17-Mar-06,0.0825,4079,3948
18-Mar-06,0,4084,3950
19-Mar-06,0,4081,3952
20-Mar-06,0,4084,3954
21-Mar-06,0,4081,3955
22-Mar-06,0,4082,3957
23-Mar-06,0.759,4080,3959
24-Mar-06,0,4081,3960
25-Mar-06,0,4080,3962
26-Mar-06,0.3038,4080,3964
27-Mar-06,0,4078,3966
28-Mar-06,0.0078,4079,3967
29-Mar-06,0.0078,4076,3969
30-Mar-06,1.2809,4076,3971
31-Mar-06,0.0455,4073,3972
1-Apr-06,9.3125,4023,3974
2-Apr-06,18.1868,3997,3976
3-Apr-06,43.9497,3994,3978
4-Apr-06,27.7784,3962,3979
5-Apr-06,15.9027,3951,3981
6-Apr-06,10.7299,3948,3983
7-Apr-06,25.8265,3942,3984
8-Apr-06,17.2229,3942,3986
9-Apr-06,17.0789,3956,3988
10-Apr-06,10.0336,3977,3990
11-Apr-06,30.8527,3988,3991
12-Apr-06,2.2709,4014,3993
13-Apr-06,25.8276,4043,3995
14-Apr-06,0.7307,4079,3996
15-Apr-06,0.114,4118,3998
16-Apr-06,13.101,4164,4000
17-Apr-06,16.9367,4209,4002
18-Apr-06,0.3015,4260,4003
19-Apr-06,7.6289,4308,4005
20-Apr-06,0,4357,4007
21-Apr-06,0.0318,4403,4008
22-Apr-06,1.5383,4445,4010
23-Apr-06,0.0124,4483,4012
24-Apr-06,1.728,4515,4014
25-Apr-06,0,4542,4015
26-Apr-06,13.045,4562,4017
27-Apr-06,0.2335,4577,4019
28-Apr-06,0.0069,4584,4021
29-Apr-06,0,4585,4022
30-Apr-06,0,4582,4024
1-May-06,8.8871,4524,4026
2-May-06,5.8255,4489,4027
3-May-06,2.679,4474,4029
4-May-06,13.2426,4431,4031
5-May-06,6.5181,4405,4033
6-May-06,36.2837,4386,4034
7-May-06,0.7087,4363,4036
8-May-06,0,4345,4038
9-May-06,3.554,4338,4039
10-May-06,17.5529,4339,4041
11-May-06,37.4664,4323,4043
12-May-06,41.5262,4322,4045
13-May-06,5.6678,4315,4046
14-May-06,11.4456,4316,4048
15-May-06,0,4313,4050
16-May-06,0,4316,4051
17-May-06,0,4315,4053
18-May-06,1.1046,4319,4055
19-May-06,5.134,4318,4057
20-May-06,1.5113,4320,4058
21-May-06,0.4263,4320,4060
22-May-06,1.9246,4321,4062
23-May-06,1.8268,4321,4063
24-May-06,5.913,4318,4065
25-May-06,31.1619,4315,4067
26-May-06,9.4133,4311,4069
27-May-06,37.4206,4307,4070
28-May-06,46.1739,4303,4072
29-May-06,20.5987,4302,4074
30-May-06,56.4487,4304,4075
31-May-06,39.8015,4317,4077
1-Jun-06,10.2602,4516,4079
2-Jun-06,10.9832,4644,4081
3-Jun-06,2.2306,4715,4082
4-Jun-06,23.6072,4902,4084
5-Jun-06,16.9646,5033,4086
6-Jun-06,10.5526,5156,4148
7-Jun-06,11.4053,5302,4269
8-Jun-06,5.3271,5442,4391
9-Jun-06,7.9581,5543,4513
10-Jun-06,35.7087,5627,4634
11-Jun-06,39.8408,5763,4756
12-Jun-06,37.7147,5854,4878
13-Jun-06,34.1409,5960,4999
14-Jun-06,8.5198,6061,5121
15-Jun-06,3.6218,6170,5242
16-Jun-06,12.3969,6268,5364
17-Jun-06,4.4438,6368,5486
18-Jun-06,1.8917,6454,5607
19-Jun-06,9.4687,6538,5729
20-Jun-06,24.4752,6616,5851
21-Jun-06,14.8344,6692,5972
22-Jun-06,15.6451,6771,6094
23-Jun-06,18.5767,6836,6216
24-Jun-06,27.2199,6905,6337
25-Jun-06,22.082,6954,6459
26-Jun-06,31.2971,7007,6580
27-Jun-06,24.9319,7044,6702
28-Jun-06,17.7998,7085,6824
29-Jun-06,26.037,7113,6945
30-Jun-06,19.2573,7145,7067
1-Jul-06,11.4495,7413,7189
2-Jul-06,6.8875,7560,7310
3-Jul-06,15.124,7600,7432
4-Jul-06,13.0903,7796,7554
5-Jul-06,9.0107,7896,7675
6-Jul-06,45.0366,7978,7797
7-Jul-06,36.6632,8084,7918
8-Jul-06,26.9931,8182,8040
9-Jul-06,7.4762,8228,8162
10-Jul-06,14.3538,8257,8283
11-Jul-06,7.0811,8370,8405
12-Jul-06,13.8081,8420,8447
13-Jul-06,21.571,8491,8324
14-Jul-06,24.6029,8547,8293
15-Jul-06,16.5128,8608,8263
16-Jul-06,6.5637,8650,8232
17-Jul-06,1.56,8704,8202
18-Jul-06,27.5288,8738,8172
19-Jul-06,1.9993,8778,8141
20-Jul-06,0.0602,8801,8111
21-Jul-06,0.0098,8823,8081
22-Jul-06,0.1089,8837,8050
23-Jul-06,0.2597,8835,8020
24-Jul-06,2.1409,8831,7990
25-Jul-06,26.4071,8803,7959
26-Jul-06,21.9215,8771,7929
27-Jul-06,16.07,8718,7898
28-Jul-06,6.5455,8669,7868
29-Jul-06,13.4474,8607,7838
30-Jul-06,11.8544,8551,7807
31-Jul-06,22.9307,8484,7777
1-Aug-06,15.4404,8497,7747
2-Aug-06,13.1235,8462,7716
3-Aug-06,14.5603,8401,7686
4-Aug-06,7.3207,8378,7656
5-Aug-06,3.4999,8334,7625
6-Aug-06,0.9879,8279,7595
7-Aug-06,2.4781,8236,7564
8-Aug-06,4.3394,8187,7534
9-Aug-06,28.8211,8124,7504
10-Aug-06,2.2661,8055,7473
11-Aug-06,2.3472,8011,7443
12-Aug-06,20.5024,7952,7413
13-Aug-06,32.2714,7897,7382
14-Aug-06,10.2638,7845,7352
15-Aug-06,0.5956,7792,7321
16-Aug-06,1.3672,7741,7291
17-Aug-06,20.546,7691,7261
18-Aug-06,6.4276,7643,7230
19-Aug-06,9.7773,7594,7200
20-Aug-06,17.6058,7549,7170
21-Aug-06,14.8533,7501,7139
22-Aug-06,9.6925,7461,7109
23-Aug-06,10.0138,7414,7079
24-Aug-06,19.3198,7378,7048
25-Aug-06,12.1553,7334,7018
26-Aug-06,11.0063,7300,6987
27-Aug-06,6.3838,7259,6957
28-Aug-06,11.3547,7227,6927
29-Aug-06,12.4473,7188,6896
30-Aug-06,3.9388,7156,6866
31-Aug-06,1.8296,7120,6836
1-Sep-06,5.7098,7138,6805
2-Sep-06,8.8432,7126,6775
3-Sep-06,1.673,7098,6745
4-Sep-06,0,7095,6714
5-Sep-06,2.2196,7077,6684
6-Sep-06,0.3102,7051,6653
7-Sep-06,15.3777,7030,6623
8-Sep-06,24.4242,7006,6593
9-Sep-06,14.8858,6969,6562
10-Sep-06,34.5169,6930,6532
11-Sep-06,36.7132,6907,6502
12-Sep-06,45.1894,6878,6471
13-Sep-06,1.1326,6854,6441
14-Sep-06,12.2227,6839,6410
15-Sep-06,8.7594,6830,6380
16-Sep-06,14.1995,6830,6350
17-Sep-06,12.2164,6833,6387
18-Sep-06,2.7541,6844,6423
19-Sep-06,7.382,6856,6460
20-Sep-06,10.9856,6875,6497
21-Sep-06,47.5497,6892,6533
22-Sep-06,4.2812,6916,6570
23-Sep-06,23.2552,6935,6607
24-Sep-06,0.4824,6962,6643
25-Sep-06,8.8901,6980,6680
26-Sep-06,1.2966,7004,6716
27-Sep-06,3.3293,7017,6745
28-Sep-06,13.6257,7033,6721
29-Sep-06,12.1018,7038,6698
30-Sep-06,8.7509,7043,6674
1-Oct-06,17.4318,7062,6651
2-Oct-06,2.3869,7067,6628
3-Oct-06,3.8172,7056,6604
4-Oct-06,21.9135,7061,6581
5-Oct-06,8.8464,7052,6558
6-Oct-06,0.0016,7041,6534
7-Oct-06,0,7029,6511
8-Oct-06,0.0682,7014,6487
9-Oct-06,1.1308,6991,6464
10-Oct-06,0.6292,6963,6441
11-Oct-06,0.0603,6941,6417
12-Oct-06,6.5704,6910,6394
13-Oct-06,5.6389,6882,6370
14-Oct-06,0.2152,6852,6347
15-Oct-06,0,6824,6324
16-Oct-06,0,6793,6300
17-Oct-06,5.844,6766,6277
18-Oct-06,3.4899,6734,6254
19-Oct-06,3.5633,6706,6230
20-Oct-06,2.0147,6675,6207
21-Oct-06,1.1269,6647,6183
22-Oct-06,0.0531,6617,6160
23-Oct-06,0,6590,6137
24-Oct-06,0.0011,6560,6113
25-Oct-06,0.4406,6534,6090
26-Oct-06,0.0871,6506,6066
27-Oct-06,0.6771,6481,6043
28-Oct-06,2.1702,6454,6020
29-Oct-06,0,6429,5996
30-Oct-06,0.0081,6403,5973
31-Oct-06,0.0808,6379,5950
1-Nov-06,0,6280,5926
2-Nov-06,0.0016,6222,5903
3-Nov-06,0,6193,5879
4-Nov-06,0,6123,5856
5-Nov-06,0.0617,6080,5833
6-Nov-06,0.0105,6048,5809
7-Nov-06,1.4307,6007,5786
8-Nov-06,20.2911,5974,5762
9-Nov-06,0.6045,5957,5739
10-Nov-06,5.1464,5950,5716
11-Nov-06,0.1641,5918,5692
12-Nov-06,0.0999,5906,5669
13-Nov-06,0.4695,5887,5646
14-Nov-06,0,5872,5622
15-Nov-06,0.0048,5854,5599
16-Nov-06,0.0048,5840,5575
17-Nov-06,0,5824,5552
18-Nov-06,0,5811,5529
19-Nov-06,0,5796,5505
20-Nov-06,0.0041,5782,5482
21-Nov-06,0,5769,5458
22-Nov-06,0,5754,5435
23-Nov-06,0,5742,5412
24-Nov-06,0,5726,5388
25-Nov-06,0,5715,5365
26-Nov-06,0,5699,5342
27-Nov-06,0,5687,5318
28-Nov-06,0,5671,5295
29-Nov-06,0,5660,5271
30-Nov-06,0,5644,5248
1-Dec-06,0,5510,5225
2-Dec-06,0.0123,5436,5201
3-Dec-06,0,5419,5178
4-Dec-06,0.0055,5326,5155
5-Dec-06,0.0321,5285,5131
6-Dec-06,0,5254,5108
7-Dec-06,0.1955,5215,5084
8-Dec-06,0,5182,5061
9-Dec-06,0.0355,5181,5038
10-Dec-06,0,5190,5014
11-Dec-06,0,5159,4991
12-Dec-06,0.5958,5158,4967
13-Dec-06,0,5146,4944
14-Dec-06,0.0551,5138,4921
15-Dec-06,0.0551,5126,4897
16-Dec-06,0,5120,4874
17-Dec-06,0,5108,4851
18-Dec-06,0.4099,5103,4827
19-Dec-06,0.3675,5092,4910
20-Dec-06,0.192,5085,4893
21-Dec-06,0.1823,5077,4877
22-Dec-06,0.1248,5067,4860
23-Dec-06,0,5062,4843
24-Dec-06,0,5050,4827
25-Dec-06,0,5044,4810
26-Dec-06,0,5031,4793
27-Dec-06,0.1867,5024,4777
28-Dec-06,0.9715,5015,4760
29-Dec-06,0.1094,5011,4743
30-Dec-06,0.446,5002,4727
31-Dec-06,0.563,4998,4710
1-Jan-07,0.0033,4917,4593
2-Jan-07,0.0006,4877,4580
3-Jan-07,0.0327,4866,4566
4-Jan-07,0.0019,4816,4552
5-Jan-07,0.0557,4789,4539
6-Jan-07,0,4774,4525
7-Jan-07,0,4748,4511
8-Jan-07,0,4729,4498
9-Jan-07,0,4728,4484
10-Jan-07,0,4735,4471
11-Jan-07,0,4718,4457
12-Jan-07,0.0454,4718,4443
13-Jan-07,0,4714,4430
14-Jan-07,0.1312,4710,4416
15-Jan-07,0.1566,4705,4403
16-Jan-07,0,4702,4389
17-Jan-07,0.0463,4698,4375
18-Jan-07,0,4694,4362
19-Jan-07,0.0085,4690,4348
20-Jan-07,0.0194,4685,4335
21-Jan-07,0,4681,4321
22-Jan-07,0,4673,4307
23-Jan-07,0,4672,4294
24-Jan-07,0,4664,4280
25-Jan-07,0.0464,4664,4267
26-Jan-07,0,4657,4253
27-Jan-07,0,4657,4239
28-Jan-07,0,4652,4226
29-Jan-07,0,4651,4212
30-Jan-07,1.8363,4646,4199
31-Jan-07,3.4497,4645,4185
1-Feb-07,2.1049,4490,4171
2-Feb-07,0.0073,4417,4183
3-Feb-07,0.6571,4404,4179
4-Feb-07,8.2289,4310,4176
5-Feb-07,6.5297,4269,4172
6-Feb-07,2.831,4249,4169
7-Feb-07,21.8827,4213,4165
8-Feb-07,5.624,4188,4162
9-Feb-07,0,4198,4158
10-Feb-07,0,4223,4154
11-Feb-07,0.1463,4201,4151
12-Feb-07,0,4214,4147
13-Feb-07,36.5673,4214,4144
14-Feb-07,10.9531,4219,4140
15-Feb-07,0,4222,4137
16-Feb-07,0,4229,4133
17-Feb-07,0,4233,4129
18-Feb-07,0,4240,4126
19-Feb-07,0,4245,4122
20-Feb-07,0,4250,4119
21-Feb-07,0,4257,4115
22-Feb-07,0,4258,4112
23-Feb-07,0,4267,4108
24-Feb-07,0,4264,4104
25-Feb-07,0,4273,4101
26-Feb-07,0,4268,4097
27-Feb-07,0,4274,4094
28-Feb-07,0,4269,4090
1-Mar-07,3.0699,4224,4087
2-Mar-07,18.0301,4195,4083
3-Mar-07,0.0671,4195,4079
4-Mar-07,0.0909,4158,4076
5-Mar-07,0.091,4147,4072
6-Mar-07,0.3499,4135,4069
7-Mar-07,0.2114,4124,4065
8-Mar-07,0.4792,4113,4062
9-Mar-07,0.8396,4116,4058
10-Mar-07,0.9569,4122,4054
11-Mar-07,0.0164,4114,4051
12-Mar-07,0.3313,4116,4047
13-Mar-07,0.5818,4114,4044
14-Mar-07,3.189,4115,4040
15-Mar-07,0.5251,4112,4037
16-Mar-07,0,4114,4033
17-Mar-07,0,4110,4030
18-Mar-07,0,4112,4026
19-Mar-07,0,4107,4022
20-Mar-07,0,4108,4019
21-Mar-07,0.8763,4104,4015
22-Mar-07,5.1117,4104,4012
23-Mar-07,1.4102,4100,4008
24-Mar-07,0.1092,4099,4005
25-Mar-07,0,4097,4001
26-Mar-07,0,4096,3997
27-Mar-07,0,4093,3994
28-Mar-07,0,4093,3990
29-Mar-07,0,4090,3987
30-Mar-07,0.0039,4090,3983
31-Mar-07,0.0224,4087,3980
1-Apr-07,0,4037,3976
2-Apr-07,3.0979,4011,3972
3-Apr-07,3.3759,4008,3969
4-Apr-07,6.4283,3974,3965
5-Apr-07,23.6989,3961,3962
6-Apr-07,56.6842,3953,3958
7-Apr-07,28.8384,3943,3955
8-Apr-07,20.2564,3937,3951
9-Apr-07,20.5963,3948,3947
10-Apr-07,34.7589,3968,3944
11-Apr-07,42.5619,3984,3940
12-Apr-07,66.0823,4026,3937
13-Apr-07,0.1013,4084,3933
14-Apr-07,0.2259,4167,3930
15-Apr-07,0.483,4272,3926
16-Apr-07,8.2196,4398,3922
17-Apr-07,11.4621,4534,3919
18-Apr-07,2.2936,4685,4105
19-Apr-07,1.9365,4840,4787
20-Apr-07,6.9826,5001,5364
21-Apr-07,32.4501,5159,5632
22-Apr-07,22.3113,5312,5900
23-Apr-07,16.9616,5455,6010
24-Apr-07,11.1333,5581,5969
25-Apr-07,0.6223,5690,5844
26-Apr-07,9.0602,5779,5720
27-Apr-07,0.9036,5847,5596
28-Apr-07,0,5892,5492
29-Apr-07,0,5915,5411
30-Apr-07,0,5917,5330
1-May-07,0,5850,5252
2-May-07,0.0276,5797,5221
3-May-07,1.9437,5760,5189
4-May-07,0.1899,5693,5158
5-May-07,3.6786,5643,5127
6-May-07,37.426,5598,5095
7-May-07,1.0302,5549,5064
8-May-07,0.6514,5505,5032
9-May-07,1.7481,5470,5001
10-May-07,2.3055,5443,4970
11-May-07,6.1766,5397,4938
12-May-07,6.8585,5366,4910
13-May-07,3.8785,5329,4892
14-May-07,43.6039,5297,4875
15-May-07,6.5975,5263,4857
16-May-07,5.5308,5236,4839
17-May-07,23.579,5205,4822
18-May-07,20.368,5181,4804
19-May-07,34.6521,5155,4786
20-May-07,14.8027,5134,4769
21-May-07,9.87,5113,4751
22-May-07,46.1479,5097,4733
23-May-07,41.3399,5087,4716
24-May-07,24.927,5086,4698
25-May-07,20.8919,5100,4681
26-May-07,4.6922,5128,4663
27-May-07,54.8898,5174,4645
28-May-07,3.7911,5234,4628
29-May-07,20.5149,5311,4718
30-May-07,4.1755,5403,4902
31-May-07,26.239,5509,5086
1-Jun-07,20.0518,5795,5269
2-Jun-07,8.6828,5998,5453
3-Jun-07,17.2051,6131,5636
4-Jun-07,4.0559,6364,5820
5-Jun-07,8.5013,6526,6004
6-Jun-07,0.9474,6661,6187
7-Jun-07,2.9145,6800,6371
8-Jun-07,47.9677,6915,6554
9-Jun-07,47.7537,6975,6738
10-Jun-07,58.8252,7007,6922
11-Jun-07,77.229,7091,7105
12-Jun-07,3.1646,7139,7289
13-Jun-07,3.0411,7217,7473
14-Jun-07,2.8323,7306,7656
15-Jun-07,29.239,7413,7840
16-Jun-07,48.7119,7522,8023
17-Jun-07,47.7416,7656,8207
18-Jun-07,21.6731,7801,8391
19-Jun-07,8.685,7969,8574
20-Jun-07,14.8844,8147,8758
21-Jun-07,17.2274,8333,8941
22-Jun-07,23.0177,8522,9125
23-Jun-07,22.8149,8699,9309
24-Jun-07,24.8908,8879,9434
25-Jun-07,1.0214,9038,9399
26-Jun-07,7.6201,9195,9364
27-Jun-07,26.0013,9322,9329
28-Jun-07,33.0746,9433,9294
29-Jun-07,12.7207,9506,9259
30-Jun-07,6.4984,9564,9224
1-Jul-07,6.7646,9844,9189
2-Jul-07,8.7665,9993,9154
3-Jul-07,9.4817,10018,9119
4-Jul-07,17.438,10182,9084
5-Jul-07,6.6967,10231,9049
6-Jul-07,1.2228,10242,9014
7-Jul-07,3.7554,10259,8978
8-Jul-07,3.0949,10254,8943
9-Jul-07,1.6874,10183,8908
10-Jul-07,9.1644,10080,8873
11-Jul-07,2.5662,10050,8838
12-Jul-07,4.1394,9952,8803
13-Jul-07,14.2224,9872,8768
14-Jul-07,22.1262,9777,8733
15-Jul-07,23.8425,9690,8698
16-Jul-07,33.7631,9587,8663
17-Jul-07,25.4549,9497,8628
18-Jul-07,43.3793,9394,8593
19-Jul-07,27.979,9309,8558
20-Jul-07,0.8226,9222,8523
21-Jul-07,0.3646,9150,8488
22-Jul-07,0.6202,9089,8452
23-Jul-07,7.4269,9031,8417
24-Jul-07,15.6159,8989,8382
25-Jul-07,79.1098,8946,8347
26-Jul-07,49.5483,8924,8312
27-Jul-07,24.9299,8906,8358
28-Jul-07,14.3399,8916,8502
29-Jul-07,25.1272,8937,8645
30-Jul-07,28.448,8980,8789
31-Jul-07,39.9732,9031,8933
1-Aug-07,16.0585,9178,9077
2-Aug-07,3.0182,9294,9221
3-Aug-07,4.7237,9398,9365
4-Aug-07,4.0855,9546,9412
5-Aug-07,1.1076,9674,9376
6-Aug-07,3.1728,9784,9339
7-Aug-07,4.7269,9895,9303
8-Aug-07,0.6482,9991,9267
9-Aug-07,0,10059,9230
10-Aug-07,19.5126,10108,9194
11-Aug-07,40.9265,10161,9157
12-Aug-07,10.992,10177,9121
13-Aug-07,8.1182,10175,9085
14-Aug-07,27.5211,10150,9048
15-Aug-07,21.172,10104,9012
16-Aug-07,9.0903,10046,8976
17-Aug-07,15.3147,9974,8939
18-Aug-07,11.1626,9894,8903
19-Aug-07,20.9671,9803,8866
20-Aug-07,11.6262,9712,8830
21-Aug-07,9.8693,9617,8794
22-Aug-07,19.3344,9530,8757
23-Aug-07,10.3639,9437,8721
24-Aug-07,13.9983,9356,8685
25-Aug-07,33.38,9271,8648
26-Aug-07,34.0975,9199,8612
27-Aug-07,22.759,9128,8576
28-Aug-07,26.1299,9076,8539
29-Aug-07,26.6214,9032,8503
30-Aug-07,6.3656,9008,8569
31-Aug-07,5.2299,8991,8658
1-Sep-07,20.6329,9043,8747
2-Sep-07,33.9553,9077,8836
3-Sep-07,25.6071,9104,8926
4-Sep-07,18.477,9168,9015
5-Sep-07,9.6654,9228,9104
6-Sep-07,35.9504,9289,9193
7-Sep-07,40.8851,9364,9282
8-Sep-07,56.6661,9444,9371
9-Sep-07,39.7331,9524,9460
10-Sep-07,6.84,9615,9549
11-Sep-07,2.9842,9735,9638
12-Sep-07,8.3934,9854,9727
13-Sep-07,23.8841,9977,9816
14-Sep-07,22.911,10100,10157
15-Sep-07,30.3802,10218,10110
16-Sep-07,2.9046,10335,10063
17-Sep-07,7.9536,10448,10015
18-Sep-07,8.8043,10559,9968
19-Sep-07,1.482,10657,9921
20-Sep-07,0,10745,9874
21-Sep-07,0,10810,9827
22-Sep-07,0.7606,10860,9779
23-Sep-07,6.2243,10882,9732
24-Sep-07,0.0879,10890,9685
25-Sep-07,0.3039,10868,9638
26-Sep-07,2.2307,10829,9591
27-Sep-07,10.1853,10761,9544
28-Sep-07,6.3139,10681,9496
29-Sep-07,11.3054,10585,9449
30-Sep-07,14.0329,10490,9402
1-Oct-07,15.9321,10411,9355
2-Oct-07,10.7532,10321,9308
3-Oct-07,11.2131,10215,9260
4-Oct-07,4.5965,10125,9213
5-Oct-07,23.4295,10022,9166
6-Oct-07,13.7551,9921,9119
7-Oct-07,32.109,9823,9072
8-Oct-07,9.9061,9729,9025
9-Oct-07,22.1447,9632,8977
10-Oct-07,15.3259,9537,8930
11-Oct-07,0.5078,9454,8883
12-Oct-07,6.6823,9368,8836
13-Oct-07,8.0452,9288,8789
14-Oct-07,13.031,9208,8742
15-Oct-07,35.6206,9134,8694
16-Oct-07,49.0863,9059,8647
17-Oct-07,5.364,8992,8600
18-Oct-07,11.6589,8925,8553
19-Oct-07,0,8869,8506
20-Oct-07,0,8813,8458
21-Oct-07,0,8763,8411
22-Oct-07,0,8713,8364
23-Oct-07,0,8668,8317
24-Oct-07,0,8623,8270
25-Oct-07,0,8580,8223
26-Oct-07,0,8535,8175
27-Oct-07,0,8491,8128
28-Oct-07,0,8444,8081
29-Oct-07,0,8398,8034
30-Oct-07,0,8348,7987
31-Oct-07,0,8298,7939
1-Nov-07,0,8168,7892
2-Nov-07,0.0888,8077,7845
3-Nov-07,0,8012,7798
4-Nov-07,0,7901,7751
5-Nov-07,0,7815,7704
6-Nov-07,0,7738,7656
7-Nov-07,0.0046,7653,7609
8-Nov-07,0,7577,7562
9-Nov-07,0.0729,7519,7515
10-Nov-07,0.0214,7473,7468
11-Nov-07,0.0257,7402,7420
12-Nov-07,0.0057,7351,7373
13-Nov-07,0,7295,7326
14-Nov-07,0.2146,7243,7279
15-Nov-07,50.1686,7189,7232
16-Nov-07,10.2115,7141,7185
17-Nov-07,0,7091,7137
18-Nov-07,0,7047,7090
19-Nov-07,0,7003,7043
20-Nov-07,0.0041,6962,6996
21-Nov-07,0.0209,6922,6949
22-Nov-07,0.0287,6882,6901
23-Nov-07,0,6847,6854
24-Nov-07,0,6809,6807
25-Nov-07,0,6776,6760
26-Nov-07,0,6740,6713
27-Nov-07,0,6709,6666
28-Nov-07,0,6673,6618
29-Nov-07,0,6642,6571
30-Nov-07,0.0398,6607,6524
1-Dec-07,0.9887,6453,6477
2-Dec-07,0.9923,6359,6430
3-Dec-07,1.0598,6321,6383
4-Dec-07,0.4592,6208,6335
5-Dec-07,0.4029,6145,6288
6-Dec-07,0,6094,6241
7-Dec-07,0.0327,6035,6194
8-Dec-07,0,5982,6147
9-Dec-07,0.0027,5961,6099
10-Dec-07,0.0251,5951,6052
11-Dec-07,0,5902,6005
12-Dec-07,0.0031,5883,5958
13-Dec-07,0,5854,5911
14-Dec-07,0,5829,5864
15-Dec-07,0,5800,5816
16-Dec-07,0,5778,5769
17-Dec-07,0,5748,5722
18-Dec-07,0,5725,5675
19-Dec-07,0,5696,5628
20-Dec-07,0,5674,5580
21-Dec-07,0,5651,5533
22-Dec-07,0,5625,5486
23-Dec-07,0,5605,5439
24-Dec-07,0,5580,5392
25-Dec-07,0,5563,5345
26-Dec-07,0,5538,5297
27-Dec-07,0,5521,5250
28-Dec-07,0,5499,5203
29-Dec-07,0,5484,5156
30-Dec-07,0.0001,5463,5109
31-Dec-07,0.2575,5448,5061
1-Jan-08,0,5355,5014
2-Jan-08,0.0164,5304,4967
3-Jan-08,0,5282,4920
4-Jan-08,0,5219,4873
5-Jan-08,0,5179,4826
6-Jan-08,0,5150,4778
7-Jan-08,0,5114,4731
8-Jan-08,0,5087,4684
9-Jan-08,0,5078,4637
10-Jan-08,0,5076,4590
11-Jan-08,0,5049,4543
12-Jan-08,0,5039,4495
13-Jan-08,0,5024,4448
14-Jan-08,0,5011,4401
15-Jan-08,0,4999,4354
16-Jan-08,0,4988,4307
17-Jan-08,0,4976,4259
18-Jan-08,0,4965,4212
19-Jan-08,0,4954,4165
20-Jan-08,0.047,4942,4118
21-Jan-08,0.0997,4934,4071
22-Jan-08,0.493,4921,4024
23-Jan-08,8.5065,4915,3976
24-Jan-08,13.443,4901,3929
25-Jan-08,1.2552,4896,3882
26-Jan-08,1.9918,4885,3835
27-Jan-08,0.3017,4882,3788
28-Jan-08,0,4872,3740
29-Jan-08,0,4869,3693
30-Jan-08,0,4861,3646
31-Jan-08,0.0055,4858,3610
1-Feb-08,0.376,4703,3614
2-Feb-08,0,4629,3618
3-Feb-08,0,4615,3622
4-Feb-08,0,4518,3625
5-Feb-08,0.0282,4475,3629
6-Feb-08,0,4451,3633
7-Feb-08,0,4411,3637
8-Feb-08,1.5463,4381,3641
9-Feb-08,6.1544,4385,3644
10-Feb-08,0.6374,4403,3648
11-Feb-08,0.1122,4373,3652
12-Feb-08,0,4377,3656
13-Feb-08,0,4368,3660
14-Feb-08,0,4362,3663
15-Feb-08,0.001,4355,3667
16-Feb-08,0,4353,3671
17-Feb-08,0,4345,3675
18-Feb-08,0.9933,4342,3678
19-Feb-08,6.4465,4336,3682
20-Feb-08,0.65,4328,3686
21-Feb-08,0.7318,4323,3690
22-Feb-08,0,4314,3694
23-Feb-08,0,4315,3697
24-Feb-08,0,4304,3701
25-Feb-08,0.0205,4304,3705
26-Feb-08,0,4294,3709
27-Feb-08,0,4296,3712
28-Feb-08,0,4288,3716
29-Feb-08,0,4289,3720
0,44637404.0,6681.123046875,41973552.0,6478.69970703125
1,44183680.0,6647.08056640625,40856736.0,6391.92724609375
2,40884744.0,6394.1181640625,34135748.0,5842.58056640625
3,27625268.0,5255.974609375,14615140.0,3822.975341796875
4,7856185.0,2802.888671875,4543732.0,2131.603271484375
5,4202708.0,2050.05078125,4197348.0,2048.742919921875
6,3489744.25,1868.085693359375,3003043.0,1732.9290771484375
7,2318830.25,1522.7706298828125,1839069.75,1356.123046875
8,1382926.875,1175.9791259765625,958365.0625,978.9612426757812
9,754328.875,868.5210571289062,457257.625,676.208251953125
10,436608.625,660.763671875,226687.828125,476.1174621582031
11,274713.0,524.1307373046875,127456.046875,357.0098571777344
12,191465.515625,437.5677185058594,71725.3515625,267.8158874511719
13,128078.4140625,357.88043212890625,47044.9140625,216.8983917236328
14,94793.0625,307.88482666015625,27860.54296875,166.91477966308594
15,72151.484375,268.61029052734375,22220.189453125,149.0643768310547
16,53694.2890625,231.72027587890625,20204.546875,142.1427001953125
17,43752.8125,209.17172241210938,58313.4921875,241.48187255859375
18,54021.7421875,232.42578125,17894.71484375,133.77113342285156
19,34714.0859375,186.31716918945312,12796.3515625,113.12095642089844
20,25726.974609375,160.39630126953125,20381.01171875,142.7620849609375
21,25168.650390625,158.64630126953125,18916.28125,137.53646850585938
22,21034.09765625,145.0313720703125,15011.294921875,122.52059173583984
23,24796.501953125,157.46905517578125,11160.140625,105.64156341552734
24,22304.59375,149.34722900390625,25469.6796875,159.59222412109375
25,23844.94140625,154.41807556152344,12083.1298828125,109.92329406738281
26,28056.0859375,167.49951171875,14367.796875,119.8657455444336
27,24575.765625,156.7666015625,11840.70703125,108.81501007080078
28,19997.580078125,141.4127960205078,15262.4921875,123.54145812988281
29,17614.29296875,132.71885681152344,12105.89453125,110.02678680419922
30,16629.26171875,128.95449829101562,13144.08203125,114.64764404296875
31,16981.005859375,130.31118774414062,22039.748046875,148.45790100097656
32,22786.875,150.95321655273438,14288.94140625,119.53636169433594
33,23458.34765625,153.1611785888672,9675.4228515625,98.36372375488281
34,15450.888671875,124.30160522460938,26274.79296875,162.0950164794922
35,16800.7109375,129.6175537109375,12597.421875,112.23823547363281
36,16979.640625,130.3059539794922,17182.568359375,131.08229064941406
37,17323.96875,131.62054443359375,10627.4755859375,103.08964538574219
38,15813.451171875,125.75154876708984,13078.107421875,114.35955047607422
39,17812.22265625,133.46243286132812,53503.44921875,231.30812072753906
40,26937.64453125,164.12692260742188,16787.302734375,129.56582641601562
41,16534.70703125,128.5873565673828,13336.2900390625,115.48285675048828
42,16715.05859375,129.28672790527344,12902.275390625,113.58818054199219
43,19934.603515625,141.18995666503906,30333.517578125,174.1652069091797
44,17145.4140625,130.94049072265625,17726.814453125,133.14208984375
